"Id";"Pais";"Edad";"Favorito";"Estado"
1;"Salsacia";75;"HG";"Sano"
2;"Salsacia";53;"HG";"Abollado"
3;"Conservia";16;"FT";"Abollado"
4;"Conservia";71;"HG";"Abollado"
5;"Conservia";58;"FT";"Abollado"
6;"Salsacia";71;"FT";"Abollado"
7;"Salsacia";61;"HG";"Abollado"
8;"Salsacia";20;"FT";"Sano"
9;"Salsacia";48;"HG";"Sano"
10;"Salsacia";33;"HG";"Sano"
11;"Salsacia";40;"FT";"Abierto"
12;"Salsacia";49;"HG";"Abollado"
13;"Conservia";21;"HG";"Abollado"
14;"Conservia";31;"HG";"Sano"
15;"Salsacia";16;"HG";"Abierto"
16;"Conservia";64;"HG";"Sano"
17;"Conservia";14;"FT";"Abierto"
18;"Salsacia";13;"HG";"Abollado"
19;"Conservia";66;"HG";"Abollado"
20;"Salsacia";23;"HG";"Sano"
21;"Salsacia";38;"HG";"Abollado"
22;"Conservia";19;"FT";"Abollado"
23;"Conservia";39;"HG";"Abierto"
24;"Salsacia";53;"FT";"Abollado"
25;"Conservia";41;"FT";"Sano"
26;"Conservia";49;"HG";"Sano"
27;"Conservia";15;"HG";"Abollado"
28;"Salsacia";68;"FT";"Sano"
29;"Salsacia";34;"FT";"Abollado"
30;"Salsacia";62;"FT";"Abollado"
31;"Conservia";53;"HG";"Abierto"
32;"Salsacia";47;"FT";"Abollado"
33;"Conservia";34;"FT";"Abollado"
34;"Salsacia";50;"FT";"Sano"
35;"Conservia";60;"FT";"Abollado"
36;"Conservia";26;"HG";"Abollado"
37;"Conservia";38;"HG";"Abierto"
38;"Conservia";58;"FT";"Abollado"
39;"Conservia";66;"FT";"Sano"
40;"Salsacia";52;"FT";"Abierto"
41;"Salsacia";64;"FT";"Abierto"
42;"Salsacia";38;"FT";"Sano"
43;"Salsacia";64;"FT";"Sano"
44;"Salsacia";45;"HG";"Abollado"
45;"Salsacia";13;"HG";"Abollado"
46;"Salsacia";59;"FT";"Abollado"
47;"Salsacia";32;"HG";"Sano"
48;"Salsacia";47;"FT";"Abollado"
49;"Salsacia";30;"FT";"Abollado"
50;"Conservia";72;"FT";"Abollado"
51;"Conservia";28;"FT";"Abollado"
52;"Conservia";46;"HG";"Abollado"
53;"Salsacia";39;"FT";"Sano"
54;"Salsacia";55;"HG";"Sano"
55;"Salsacia";52;"FT";"Sano"
56;"Conservia";46;"HG";"Sano"
57;"Conservia";31;"FT";"Abierto"
58;"Salsacia";36;"HG";"Abollado"
59;"Salsacia";31;"FT";"Abierto"
60;"Salsacia";67;"FT";"Abollado"
61;"Salsacia";67;"FT";"Abollado"
62;"Salsacia";48;"FT";"Abierto"
63;"Salsacia";33;"HG";"Sano"
64;"Salsacia";38;"FT";"Abollado"
65;"Salsacia";65;"HG";"Abollado"
66;"Salsacia";12;"FT";"Abollado"
67;"Salsacia";40;"FT";"Sano"
68;"Salsacia";46;"HG";"Abollado"
69;"Salsacia";59;"HG";"Abierto"
70;"Salsacia";49;"FT";"Sano"
71;"Conservia";68;"HG";"Sano"
72;"Conservia";18;"HG";"Abollado"
73;"Salsacia";65;"HG";"Sano"
74;"Salsacia";45;"FT";"Abierto"
75;"Salsacia";44;"FT";"Sano"
76;"Salsacia";72;"HG";"Sano"
77;"Salsacia";50;"HG";"Sano"
78;"Salsacia";74;"HG";"Sano"
79;"Salsacia";30;"HG";"Abollado"
80;"Salsacia";25;"HG";"Abierto"
81;"Salsacia";44;"HG";"Abierto"
82;"Salsacia";54;"HG";"Sano"
83;"Conservia";59;"HG";"Abollado"
84;"Conservia";45;"HG";"Abollado"
85;"Salsacia";68;"FT";"Abierto"
86;"Conservia";10;"FT";"Abierto"
87;"Salsacia";51;"FT";"Abierto"
88;"Salsacia";17;"FT";"Sano"
89;"Conservia";35;"FT";"Sano"
90;"Conservia";25;"FT";"Sano"
91;"Salsacia";71;"FT";"Abierto"
92;"Conservia";34;"FT";"Abollado"
93;"Salsacia";36;"FT";"Abollado"
94;"Conservia";47;"FT";"Sano"
95;"Conservia";42;"FT";"Abollado"
96;"Conservia";18;"HG";"Abollado"
97;"Salsacia";35;"FT";"Abollado"
98;"Salsacia";66;"HG";"Sano"
99;"Conservia";41;"FT";"Abollado"
100;"Conservia";65;"HG";"Abollado"
101;"Salsacia";64;"HG";"Abollado"
102;"Salsacia";50;"FT";"Abollado"
103;"Salsacia";31;"HG";"Abollado"
104;"Salsacia";75;"HG";"Sano"
105;"Conservia";40;"FT";"Abierto"
106;"Conservia";20;"FT";"Abollado"
107;"Conservia";31;"HG";"Abollado"
108;"Conservia";53;"HG";"Sano"
109;"Conservia";59;"HG";"Abollado"
110;"Salsacia";50;"FT";"Abollado"
111;"Conservia";34;"HG";"Abollado"
112;"Salsacia";69;"FT";"Sano"
113;"Salsacia";33;"FT";"Abierto"
114;"Conservia";31;"HG";"Abollado"
115;"Conservia";37;"HG";"Abierto"
116;"Conservia";35;"HG";"Abollado"
117;"Conservia";35;"HG";"Abierto"
118;"Conservia";56;"FT";"Abollado"
119;"Conservia";15;"HG";"Abollado"
120;"Conservia";41;"HG";"Sano"
121;"Salsacia";9;"FT";"Abierto"
122;"Salsacia";67;"HG";"Sano"
123;"Salsacia";42;"FT";"Abierto"
124;"Conservia";73;"HG";"Abollado"
125;"Salsacia";57;"HG";"Sano"
126;"Conservia";66;"HG";"Abollado"
127;"Conservia";33;"FT";"Abierto"
128;"Salsacia";28;"HG";"Abollado"
129;"Salsacia";42;"FT";"Abollado"
130;"Salsacia";63;"HG";"Abierto"
131;"Conservia";42;"HG";"Abollado"
132;"Salsacia";69;"FT";"Sano"
133;"Conservia";68;"HG";"Abollado"
134;"Conservia";18;"HG";"Abollado"
135;"Salsacia";49;"HG";"Sano"
136;"Conservia";27;"FT";"Abollado"
137;"Salsacia";22;"FT";"Abollado"
138;"Conservia";13;"FT";"Sano"
139;"Salsacia";12;"FT";"Abollado"
140;"Conservia";20;"HG";"Abollado"
141;"Salsacia";37;"HG";"Abollado"
142;"Salsacia";35;"HG";"Abollado"
143;"Salsacia";49;"FT";"Sano"
144;"Salsacia";74;"HG";"Sano"
145;"Salsacia";36;"FT";"Sano"
146;"Salsacia";66;"FT";"Abollado"
147;"Conservia";33;"HG";"Sano"
148;"Conservia";27;"HG";"Sano"
149;"Salsacia";72;"FT";"Abierto"
150;"Conservia";44;"HG";"Abollado"
151;"Salsacia";10;"FT";"Abollado"
152;"Conservia";52;"HG";"Sano"
153;"Salsacia";58;"HG";"Sano"
154;"Salsacia";26;"HG";"Abollado"
155;"Salsacia";30;"HG";"Abollado"
156;"Conservia";33;"FT";"Sano"
157;"Salsacia";64;"HG";"Sano"
158;"Conservia";75;"HG";"Sano"
159;"Salsacia";66;"HG";"Abierto"
160;"Salsacia";55;"HG";"Sano"
161;"Salsacia";22;"FT";"Sano"
162;"Conservia";18;"FT";"Sano"
163;"Salsacia";9;"HG";"Abierto"
164;"Salsacia";24;"FT";"Abollado"
165;"Conservia";69;"HG";"Abierto"
166;"Salsacia";11;"HG";"Sano"
167;"Salsacia";28;"FT";"Abollado"
168;"Salsacia";18;"FT";"Abollado"
169;"Conservia";73;"FT";"Abollado"
170;"Conservia";41;"FT";"Abollado"
171;"Conservia";60;"FT";"Abollado"
172;"Salsacia";31;"FT";"Abollado"
173;"Salsacia";54;"FT";"Abollado"
174;"Salsacia";35;"FT";"Abollado"
175;"Conservia";62;"HG";"Sano"
176;"Salsacia";37;"FT";"Abollado"
177;"Salsacia";52;"FT";"Abollado"
178;"Conservia";65;"FT";"Abollado"
179;"Salsacia";19;"FT";"Sano"
180;"Conservia";18;"FT";"Abollado"
181;"Salsacia";19;"FT";"Sano"
182;"Conservia";27;"FT";"Abierto"
183;"Salsacia";56;"FT";"Sano"
184;"Salsacia";53;"FT";"Sano"
185;"Conservia";33;"FT";"Sano"
186;"Conservia";53;"FT";"Sano"
187;"Conservia";64;"FT";"Abollado"
188;"Conservia";71;"HG";"Abollado"
189;"Salsacia";30;"HG";"Abollado"
190;"Salsacia";29;"HG";"Abierto"
191;"Salsacia";67;"FT";"Sano"
192;"Salsacia";64;"HG";"Abollado"
193;"Conservia";64;"HG";"Abollado"
194;"Salsacia";44;"HG";"Abierto"
195;"Conservia";44;"HG";"Sano"
196;"Salsacia";61;"FT";"Sano"
197;"Conservia";68;"HG";"Sano"
198;"Conservia";64;"FT";"Abollado"
199;"Salsacia";68;"FT";"Abollado"
200;"Salsacia";52;"FT";"Abollado"
201;"Salsacia";68;"FT";"Abollado"
202;"Conservia";32;"FT";"Abollado"
203;"Conservia";12;"FT";"Abollado"
204;"Salsacia";24;"HG";"Abierto"
205;"Salsacia";70;"FT";"Abollado"
206;"Salsacia";42;"FT";"Abollado"
207;"Salsacia";9;"FT";"Abollado"
208;"Salsacia";30;"HG";"Abollado"
209;"Salsacia";25;"HG";"Sano"
210;"Salsacia";33;"FT";"Sano"
211;"Conservia";11;"FT";"Sano"
212;"Salsacia";50;"HG";"Sano"
213;"Salsacia";40;"HG";"Abierto"
214;"Conservia";66;"FT";"Sano"
215;"Salsacia";34;"HG";"Sano"
216;"Salsacia";66;"HG";"Sano"
217;"Salsacia";11;"FT";"Sano"
218;"Salsacia";38;"HG";"Sano"
219;"Salsacia";10;"HG";"Abollado"
220;"Salsacia";12;"HG";"Abierto"
221;"Salsacia";64;"FT";"Abollado"
222;"Conservia";9;"HG";"Abollado"
223;"Salsacia";71;"FT";"Sano"
224;"Salsacia";16;"HG";"Sano"
225;"Salsacia";28;"HG";"Sano"
226;"Salsacia";23;"FT";"Abollado"
227;"Salsacia";27;"FT";"Abollado"
228;"Salsacia";35;"HG";"Abollado"
229;"Conservia";66;"FT";"Abollado"
230;"Salsacia";12;"FT";"Abollado"
231;"Conservia";33;"FT";"Sano"
232;"Salsacia";26;"HG";"Abollado"
233;"Conservia";13;"FT";"Abollado"
234;"Conservia";31;"FT";"Abollado"
235;"Conservia";20;"HG";"Abollado"
236;"Conservia";66;"HG";"Abollado"
237;"Salsacia";60;"FT";"Abollado"
238;"Conservia";33;"HG";"Sano"
239;"Salsacia";53;"FT";"Abollado"
240;"Salsacia";59;"FT";"Abollado"
241;"Salsacia";38;"FT";"Sano"
242;"Salsacia";15;"FT";"Abollado"
243;"Salsacia";23;"HG";"Abollado"
244;"Salsacia";10;"FT";"Sano"
245;"Conservia";38;"FT";"Abollado"
246;"Conservia";34;"FT";"Abollado"
247;"Salsacia";70;"HG";"Abollado"
248;"Conservia";32;"FT";"Abierto"
249;"Conservia";12;"HG";"Abollado"
250;"Salsacia";62;"HG";"Sano"
251;"Salsacia";9;"HG";"Abollado"
252;"Salsacia";34;"FT";"Abierto"
253;"Salsacia";11;"HG";"Abollado"
254;"Salsacia";54;"HG";"Abollado"
255;"Salsacia";41;"HG";"Abollado"
256;"Salsacia";22;"FT";"Abollado"
257;"Salsacia";35;"HG";"Abollado"
258;"Salsacia";20;"HG";"Abollado"
259;"Salsacia";30;"HG";"Abollado"
260;"Salsacia";34;"HG";"Abollado"
261;"Salsacia";71;"HG";"Abollado"
262;"Conservia";40;"HG";"Abollado"
263;"Conservia";14;"HG";"Abollado"
264;"Salsacia";19;"FT";"Sano"
265;"Salsacia";46;"HG";"Abollado"
266;"Conservia";37;"HG";"Abollado"
267;"Salsacia";13;"HG";"Abierto"
268;"Conservia";49;"FT";"Abollado"
269;"Salsacia";39;"FT";"Sano"
270;"Salsacia";62;"FT";"Abollado"
271;"Salsacia";58;"HG";"Abierto"
272;"Salsacia";41;"FT";"Sano"
273;"Salsacia";57;"FT";"Abollado"
274;"Salsacia";43;"FT";"Sano"
275;"Salsacia";13;"HG";"Sano"
276;"Salsacia";23;"FT";"Abollado"
277;"Salsacia";52;"HG";"Sano"
278;"Salsacia";73;"HG";"Abierto"
279;"Salsacia";18;"FT";"Sano"
280;"Conservia";16;"FT";"Sano"
281;"Salsacia";75;"FT";"Sano"
282;"Salsacia";61;"FT";"Abollado"
283;"Salsacia";35;"FT";"Sano"
284;"Salsacia";49;"FT";"Abollado"
285;"Conservia";51;"FT";"Abollado"
286;"Salsacia";53;"FT";"Abollado"
287;"Conservia";25;"HG";"Abollado"
288;"Salsacia";15;"HG";"Sano"
289;"Salsacia";65;"FT";"Sano"
290;"Salsacia";58;"HG";"Abollado"
291;"Conservia";18;"FT";"Abollado"
292;"Salsacia";62;"FT";"Sano"
293;"Conservia";44;"HG";"Abollado"
294;"Salsacia";47;"FT";"Abollado"
295;"Salsacia";13;"HG";"Abollado"
296;"Conservia";29;"HG";"Sano"
297;"Conservia";71;"FT";"Sano"
298;"Salsacia";60;"FT";"Abollado"
299;"Salsacia";49;"FT";"Abollado"
300;"Conservia";32;"HG";"Abollado"
301;"Conservia";14;"HG";"Sano"
302;"Salsacia";9;"FT";"Sano"
303;"Salsacia";62;"FT";"Abollado"
304;"Conservia";50;"HG";"Sano"
305;"Salsacia";42;"HG";"Abollado"
306;"Salsacia";49;"HG";"Sano"
307;"Salsacia";54;"HG";"Abollado"
308;"Salsacia";35;"FT";"Abollado"
309;"Salsacia";70;"HG";"Abierto"
310;"Conservia";75;"FT";"Abollado"
311;"Salsacia";52;"HG";"Abollado"
312;"Conservia";55;"FT";"Sano"
313;"Conservia";32;"HG";"Abollado"
314;"Conservia";11;"HG";"Abollado"
315;"Salsacia";22;"FT";"Sano"
316;"Salsacia";17;"HG";"Abierto"
317;"Salsacia";33;"HG";"Abollado"
318;"Salsacia";39;"HG";"Sano"
319;"Conservia";50;"HG";"Sano"
320;"Conservia";16;"FT";"Sano"
321;"Salsacia";51;"FT";"Abollado"
322;"Salsacia";43;"HG";"Abollado"
323;"Salsacia";25;"HG";"Abollado"
324;"Conservia";33;"HG";"Abierto"
325;"Salsacia";39;"FT";"Abollado"
326;"Salsacia";65;"HG";"Abierto"
327;"Salsacia";42;"FT";"Sano"
328;"Salsacia";42;"FT";"Abollado"
329;"Conservia";72;"HG";"Sano"
330;"Salsacia";68;"HG";"Sano"
331;"Salsacia";49;"HG";"Abollado"
332;"Salsacia";31;"FT";"Abollado"
333;"Conservia";41;"FT";"Sano"
334;"Conservia";42;"FT";"Sano"
335;"Salsacia";21;"HG";"Abollado"
336;"Salsacia";17;"FT";"Abollado"
337;"Salsacia";12;"HG";"Abollado"
338;"Conservia";58;"FT";"Abollado"
339;"Salsacia";31;"HG";"Abollado"
340;"Salsacia";38;"HG";"Sano"
341;"Salsacia";39;"FT";"Abollado"
342;"Salsacia";41;"FT";"Sano"
343;"Conservia";27;"HG";"Abollado"
344;"Conservia";68;"FT";"Abollado"
345;"Conservia";58;"HG";"Abierto"
346;"Salsacia";39;"HG";"Abollado"
347;"Salsacia";38;"FT";"Abierto"
348;"Salsacia";46;"HG";"Abollado"
349;"Salsacia";42;"FT";"Abollado"
350;"Salsacia";37;"HG";"Abierto"
351;"Salsacia";51;"HG";"Sano"
352;"Conservia";13;"HG";"Abollado"
353;"Salsacia";10;"HG";"Abollado"
354;"Conservia";43;"FT";"Abierto"
355;"Salsacia";40;"FT";"Abollado"
356;"Conservia";36;"HG";"Abollado"
357;"Salsacia";43;"HG";"Abollado"
358;"Conservia";56;"HG";"Sano"
359;"Conservia";19;"HG";"Sano"
360;"Salsacia";48;"HG";"Abollado"
361;"Salsacia";36;"FT";"Abollado"
362;"Salsacia";52;"FT";"Abollado"
363;"Salsacia";25;"HG";"Abierto"
364;"Salsacia";37;"FT";"Sano"
365;"Salsacia";11;"FT";"Abollado"
366;"Conservia";61;"HG";"Abollado"
367;"Salsacia";72;"HG";"Abollado"
368;"Salsacia";55;"HG";"Abollado"
369;"Conservia";28;"HG";"Abollado"
370;"Salsacia";45;"HG";"Sano"
371;"Salsacia";22;"HG";"Abollado"
372;"Salsacia";60;"FT";"Abollado"
373;"Conservia";56;"HG";"Sano"
374;"Salsacia";36;"HG";"Abollado"
375;"Conservia";19;"HG";"Abollado"
376;"Conservia";37;"HG";"Abollado"
377;"Salsacia";64;"FT";"Abierto"
378;"Salsacia";22;"FT";"Abierto"
379;"Conservia";52;"HG";"Abollado"
380;"Conservia";63;"HG";"Abollado"
381;"Salsacia";40;"HG";"Abollado"
382;"Conservia";24;"FT";"Abollado"
383;"Conservia";74;"HG";"Abollado"
384;"Salsacia";74;"FT";"Abierto"
385;"Conservia";59;"HG";"Abollado"
386;"Conservia";48;"FT";"Abierto"
387;"Conservia";70;"FT";"Abollado"
388;"Salsacia";48;"FT";"Abollado"
389;"Salsacia";35;"FT";"Abollado"
390;"Salsacia";62;"FT";"Abollado"
391;"Conservia";19;"FT";"Sano"
392;"Salsacia";64;"FT";"Abollado"
393;"Salsacia";52;"FT";"Abollado"
394;"Conservia";18;"HG";"Abollado"
395;"Salsacia";32;"HG";"Abierto"
396;"Salsacia";10;"FT";"Abollado"
397;"Salsacia";35;"FT";"Abollado"
398;"Salsacia";11;"HG";"Abollado"
399;"Salsacia";45;"FT";"Abollado"
400;"Salsacia";74;"FT";"Sano"
401;"Salsacia";31;"HG";"Abollado"
402;"Salsacia";25;"HG";"Abollado"
403;"Conservia";41;"FT";"Abierto"
404;"Salsacia";62;"HG";"Sano"
405;"Salsacia";18;"HG";"Sano"
406;"Salsacia";17;"HG";"Abollado"
407;"Salsacia";61;"HG";"Abierto"
408;"Conservia";19;"HG";"Abollado"
409;"Salsacia";53;"FT";"Abollado"
410;"Salsacia";21;"FT";"Abollado"
411;"Salsacia";19;"FT";"Abollado"
412;"Conservia";67;"FT";"Abollado"
413;"Salsacia";22;"FT";"Sano"
414;"Salsacia";70;"FT";"Abollado"
415;"Salsacia";25;"HG";"Abollado"
416;"Conservia";73;"HG";"Abollado"
417;"Salsacia";67;"FT";"Abollado"
418;"Salsacia";40;"HG";"Abollado"
419;"Conservia";31;"FT";"Abollado"
420;"Salsacia";17;"FT";"Abollado"
421;"Conservia";35;"FT";"Sano"
422;"Salsacia";48;"FT";"Sano"
423;"Conservia";32;"FT";"Abollado"
424;"Conservia";9;"FT";"Sano"
425;"Conservia";37;"HG";"Sano"
426;"Salsacia";72;"HG";"Abollado"
427;"Salsacia";70;"FT";"Abollado"
428;"Salsacia";43;"HG";"Sano"
429;"Salsacia";62;"HG";"Sano"
430;"Conservia";57;"HG";"Sano"
431;"Conservia";38;"HG";"Sano"
432;"Salsacia";20;"HG";"Sano"
433;"Conservia";25;"FT";"Sano"
434;"Salsacia";41;"HG";"Abollado"
435;"Conservia";60;"FT";"Abollado"
436;"Conservia";74;"HG";"Abollado"
437;"Salsacia";29;"FT";"Abollado"
438;"Salsacia";28;"HG";"Sano"
439;"Conservia";57;"HG";"Sano"
440;"Salsacia";53;"FT";"Abollado"
441;"Salsacia";53;"HG";"Abierto"
442;"Conservia";32;"HG";"Sano"
443;"Conservia";36;"HG";"Sano"
444;"Salsacia";65;"FT";"Abollado"
445;"Salsacia";15;"FT";"Sano"
446;"Salsacia";67;"HG";"Sano"
447;"Salsacia";57;"FT";"Abierto"
448;"Conservia";34;"FT";"Abollado"
449;"Salsacia";68;"HG";"Sano"
450;"Conservia";57;"HG";"Abollado"
451;"Conservia";31;"FT";"Abollado"
452;"Salsacia";16;"FT";"Sano"
453;"Conservia";42;"FT";"Abollado"
454;"Salsacia";23;"HG";"Abollado"
455;"Salsacia";46;"HG";"Sano"
456;"Conservia";50;"HG";"Abollado"
457;"Conservia";17;"FT";"Sano"
458;"Conservia";61;"FT";"Abollado"
459;"Conservia";64;"FT";"Sano"
460;"Conservia";31;"FT";"Abierto"
461;"Conservia";72;"HG";"Abierto"
462;"Conservia";20;"FT";"Sano"
463;"Salsacia";50;"FT";"Sano"
464;"Salsacia";23;"FT";"Abierto"
465;"Conservia";63;"FT";"Sano"
466;"Salsacia";29;"FT";"Abollado"
467;"Salsacia";70;"HG";"Abierto"
468;"Salsacia";51;"HG";"Sano"
469;"Salsacia";30;"FT";"Abierto"
470;"Salsacia";14;"FT";"Sano"
471;"Conservia";36;"FT";"Sano"
472;"Salsacia";22;"FT";"Abollado"
473;"Salsacia";63;"HG";"Abollado"
474;"Salsacia";16;"HG";"Abollado"
475;"Conservia";23;"FT";"Sano"
476;"Conservia";69;"FT";"Abollado"
477;"Conservia";22;"FT";"Abierto"
478;"Conservia";36;"FT";"Abollado"
479;"Salsacia";28;"FT";"Sano"
480;"Conservia";22;"HG";"Sano"
481;"Conservia";66;"HG";"Sano"
482;"Conservia";53;"FT";"Sano"
483;"Salsacia";36;"HG";"Sano"
484;"Conservia";46;"HG";"Sano"
485;"Salsacia";56;"FT";"Abierto"
486;"Salsacia";64;"FT";"Abollado"
487;"Conservia";42;"HG";"Sano"
488;"Conservia";35;"HG";"Sano"
489;"Salsacia";57;"FT";"Sano"
490;"Salsacia";66;"HG";"Abollado"
491;"Salsacia";61;"HG";"Abierto"
492;"Salsacia";43;"FT";"Sano"
493;"Conservia";37;"FT";"Abollado"
494;"Salsacia";22;"HG";"Abollado"
495;"Conservia";62;"FT";"Sano"
496;"Salsacia";62;"HG";"Abollado"
497;"Salsacia";31;"HG";"Abollado"
498;"Salsacia";47;"HG";"Abollado"
499;"Conservia";74;"HG";"Abollado"
500;"Salsacia";65;"HG";"Abollado"
501;"Salsacia";38;"HG";"Sano"
502;"Salsacia";25;"FT";"Abollado"
503;"Salsacia";21;"HG";"Abollado"
504;"Conservia";23;"HG";"Abierto"
505;"Salsacia";49;"FT";"Abollado"
506;"Conservia";64;"FT";"Abierto"
507;"Salsacia";63;"FT";"Abierto"
508;"Salsacia";62;"HG";"Sano"
509;"Salsacia";44;"FT";"Abollado"
510;"Salsacia";19;"HG";"Abollado"
511;"Salsacia";26;"HG";"Abollado"
512;"Salsacia";47;"FT";"Sano"
513;"Salsacia";31;"HG";"Abollado"
514;"Salsacia";66;"HG";"Abierto"
515;"Salsacia";48;"FT";"Abollado"
516;"Salsacia";13;"HG";"Sano"
517;"Salsacia";34;"FT";"Sano"
518;"Salsacia";60;"HG";"Abierto"
519;"Salsacia";15;"HG";"Sano"
520;"Salsacia";49;"FT";"Sano"
521;"Conservia";60;"FT";"Sano"
522;"Salsacia";75;"FT";"Abierto"
523;"Salsacia";60;"FT";"Sano"
524;"Conservia";23;"HG";"Sano"
525;"Conservia";48;"HG";"Abierto"
526;"Conservia";46;"HG";"Abollado"
527;"Conservia";25;"FT";"Sano"
528;"Salsacia";38;"HG";"Abollado"
529;"Conservia";41;"HG";"Abollado"
530;"Conservia";11;"HG";"Sano"
531;"Salsacia";59;"FT";"Abollado"
532;"Salsacia";32;"FT";"Abollado"
533;"Salsacia";58;"HG";"Sano"
534;"Salsacia";59;"HG";"Abollado"
535;"Conservia";62;"FT";"Abollado"
536;"Salsacia";73;"FT";"Abollado"
537;"Salsacia";34;"HG";"Abollado"
538;"Salsacia";43;"HG";"Abollado"
539;"Conservia";61;"HG";"Abollado"
540;"Conservia";55;"FT";"Abollado"
541;"Salsacia";32;"HG";"Abollado"
542;"Conservia";43;"HG";"Abollado"
543;"Salsacia";50;"HG";"Sano"
544;"Salsacia";32;"FT";"Abierto"
545;"Salsacia";47;"HG";"Abollado"
546;"Conservia";17;"HG";"Abollado"
547;"Conservia";66;"HG";"Abollado"
548;"Conservia";51;"FT";"Abollado"
549;"Conservia";23;"FT";"Abollado"
550;"Conservia";19;"FT";"Sano"
551;"Salsacia";33;"HG";"Sano"
552;"Conservia";31;"FT";"Sano"
553;"Conservia";20;"FT";"Sano"
554;"Salsacia";59;"FT";"Abierto"
555;"Salsacia";13;"HG";"Abollado"
556;"Conservia";34;"HG";"Abollado"
557;"Salsacia";67;"HG";"Sano"
558;"Conservia";70;"HG";"Sano"
559;"Salsacia";32;"HG";"Abollado"
560;"Salsacia";46;"HG";"Abierto"
561;"Conservia";24;"FT";"Abollado"
562;"Conservia";51;"FT";"Abierto"
563;"Salsacia";37;"FT";"Abierto"
564;"Salsacia";41;"HG";"Abollado"
565;"Conservia";67;"HG";"Abollado"
566;"Salsacia";73;"HG";"Sano"
567;"Salsacia";72;"FT";"Sano"
568;"Salsacia";22;"FT";"Abollado"
569;"Conservia";40;"HG";"Sano"
570;"Salsacia";36;"FT";"Sano"
571;"Salsacia";55;"HG";"Abollado"
572;"Salsacia";56;"HG";"Abollado"
573;"Salsacia";62;"HG";"Abollado"
574;"Salsacia";40;"FT";"Sano"
575;"Salsacia";44;"HG";"Abollado"
576;"Conservia";55;"HG";"Abollado"
577;"Salsacia";24;"HG";"Abollado"
578;"Conservia";70;"HG";"Abollado"
579;"Salsacia";70;"HG";"Abollado"
580;"Conservia";75;"FT";"Sano"
581;"Salsacia";23;"HG";"Abollado"
582;"Conservia";13;"FT";"Sano"
583;"Conservia";65;"FT";"Sano"
584;"Conservia";60;"FT";"Abollado"
585;"Conservia";22;"HG";"Abollado"
586;"Conservia";49;"FT";"Sano"
587;"Salsacia";69;"FT";"Sano"
588;"Conservia";59;"FT";"Abollado"
589;"Salsacia";14;"FT";"Abollado"
590;"Salsacia";44;"FT";"Abollado"
591;"Salsacia";20;"HG";"Abollado"
592;"Conservia";59;"HG";"Sano"
593;"Salsacia";52;"HG";"Abollado"
594;"Salsacia";74;"HG";"Abollado"
595;"Salsacia";28;"FT";"Abollado"
596;"Salsacia";39;"FT";"Abierto"
597;"Salsacia";30;"FT";"Sano"
598;"Conservia";60;"HG";"Abollado"
599;"Conservia";54;"FT";"Sano"
600;"Salsacia";56;"HG";"Abollado"
601;"Salsacia";31;"HG";"Abollado"
602;"Conservia";29;"FT";"Abollado"
603;"Conservia";31;"HG";"Abollado"
604;"Conservia";38;"HG";"Sano"
605;"Salsacia";40;"HG";"Abollado"
606;"Conservia";60;"HG";"Abollado"
607;"Conservia";27;"HG";"Abierto"
608;"Salsacia";45;"FT";"Abollado"
609;"Salsacia";55;"HG";"Abollado"
610;"Conservia";38;"FT";"Sano"
611;"Salsacia";57;"FT";"Sano"
612;"Conservia";63;"HG";"Abollado"
613;"Salsacia";21;"FT";"Abierto"
614;"Conservia";67;"FT";"Abollado"
615;"Salsacia";18;"HG";"Abollado"
616;"Salsacia";50;"HG";"Abollado"
617;"Conservia";47;"FT";"Abollado"
618;"Conservia";30;"HG";"Abollado"
619;"Salsacia";25;"FT";"Sano"
620;"Salsacia";67;"HG";"Abierto"
621;"Salsacia";42;"HG";"Abollado"
622;"Salsacia";72;"HG";"Abollado"
623;"Conservia";18;"FT";"Abierto"
624;"Conservia";68;"FT";"Sano"
625;"Salsacia";32;"HG";"Sano"
626;"Conservia";69;"HG";"Abollado"
627;"Conservia";54;"HG";"Abollado"
628;"Conservia";66;"FT";"Abollado"
629;"Conservia";50;"FT";"Sano"
630;"Conservia";72;"FT";"Abierto"
631;"Salsacia";38;"HG";"Sano"
632;"Conservia";34;"FT";"Sano"
633;"Conservia";54;"HG";"Abierto"
634;"Salsacia";34;"FT";"Abollado"
635;"Salsacia";59;"FT";"Abierto"
636;"Conservia";61;"FT";"Abollado"
637;"Conservia";34;"FT";"Sano"
638;"Salsacia";63;"FT";"Abollado"
639;"Conservia";69;"FT";"Abollado"
640;"Salsacia";11;"HG";"Abollado"
641;"Salsacia";41;"HG";"Abollado"
642;"Conservia";29;"FT";"Abollado"
643;"Salsacia";61;"HG";"Sano"
644;"Salsacia";32;"HG";"Abollado"
645;"Conservia";34;"HG";"Sano"
646;"Conservia";13;"FT";"Abollado"
647;"Salsacia";18;"FT";"Abollado"
648;"Salsacia";15;"FT";"Abollado"
649;"Conservia";74;"FT";"Abierto"
650;"Salsacia";61;"HG";"Abollado"
651;"Salsacia";27;"HG";"Abollado"
652;"Salsacia";61;"FT";"Abierto"
653;"Salsacia";21;"FT";"Abollado"
654;"Conservia";37;"FT";"Sano"
655;"Salsacia";74;"HG";"Sano"
656;"Conservia";63;"FT";"Abierto"
657;"Conservia";48;"FT";"Sano"
658;"Salsacia";67;"HG";"Sano"
659;"Salsacia";11;"FT";"Abollado"
660;"Salsacia";25;"HG";"Sano"
661;"Conservia";73;"HG";"Abollado"
662;"Conservia";14;"FT";"Abollado"
663;"Salsacia";43;"FT";"Abollado"
664;"Salsacia";72;"HG";"Abollado"
665;"Conservia";75;"FT";"Abollado"
666;"Salsacia";32;"HG";"Abierto"
667;"Salsacia";53;"FT";"Sano"
668;"Conservia";33;"HG";"Sano"
669;"Conservia";63;"HG";"Abollado"
670;"Conservia";38;"FT";"Abollado"
671;"Salsacia";12;"FT";"Sano"
672;"Salsacia";38;"HG";"Abollado"
673;"Conservia";37;"FT";"Sano"
674;"Salsacia";29;"FT";"Abollado"
675;"Salsacia";37;"HG";"Abollado"
676;"Salsacia";27;"HG";"Abollado"
677;"Salsacia";18;"HG";"Abollado"
678;"Conservia";66;"FT";"Abierto"
679;"Salsacia";9;"HG";"Sano"
680;"Salsacia";29;"FT";"Abollado"
681;"Salsacia";30;"HG";"Sano"
682;"Salsacia";47;"FT";"Sano"
683;"Salsacia";42;"HG";"Abollado"
684;"Salsacia";32;"HG";"Abollado"
685;"Salsacia";30;"FT";"Sano"
686;"Conservia";43;"FT";"Sano"
687;"Conservia";32;"FT";"Sano"
688;"Conservia";9;"HG";"Abierto"
689;"Salsacia";55;"HG";"Abollado"
690;"Salsacia";33;"FT";"Abollado"
691;"Salsacia";47;"FT";"Abierto"
692;"Salsacia";36;"FT";"Abollado"
693;"Salsacia";53;"FT";"Abollado"
694;"Salsacia";19;"HG";"Abollado"
695;"Salsacia";64;"HG";"Sano"
696;"Salsacia";45;"HG";"Sano"
697;"Salsacia";45;"FT";"Abollado"
698;"Salsacia";59;"FT";"Abollado"
699;"Salsacia";19;"HG";"Abollado"
700;"Conservia";36;"HG";"Abierto"
701;"Conservia";57;"HG";"Sano"
702;"Salsacia";64;"HG";"Sano"
703;"Salsacia";70;"FT";"Sano"
704;"Conservia";12;"HG";"Abollado"
705;"Salsacia";52;"FT";"Abollado"
706;"Conservia";19;"FT";"Abollado"
707;"Conservia";17;"HG";"Abollado"
708;"Conservia";31;"FT";"Abollado"
709;"Conservia";29;"FT";"Abollado"
710;"Salsacia";23;"FT";"Abollado"
711;"Conservia";19;"HG";"Abierto"
712;"Salsacia";27;"HG";"Abollado"
713;"Conservia";61;"HG";"Sano"
714;"Conservia";74;"FT";"Abollado"
715;"Conservia";37;"HG";"Abollado"
716;"Salsacia";47;"FT";"Abollado"
717;"Conservia";16;"FT";"Sano"
718;"Salsacia";45;"FT";"Sano"
719;"Salsacia";66;"HG";"Abierto"
720;"Salsacia";74;"FT";"Sano"
721;"Conservia";74;"FT";"Abollado"
722;"Salsacia";69;"HG";"Abollado"
723;"Conservia";50;"FT";"Abollado"
724;"Salsacia";48;"FT";"Sano"
725;"Salsacia";16;"FT";"Sano"
726;"Conservia";66;"HG";"Sano"
727;"Conservia";35;"HG";"Sano"
728;"Salsacia";42;"HG";"Abollado"
729;"Conservia";29;"HG";"Abierto"
730;"Conservia";35;"HG";"Abollado"
731;"Salsacia";39;"FT";"Sano"
732;"Salsacia";26;"HG";"Sano"
733;"Salsacia";20;"HG";"Abollado"
734;"Conservia";29;"FT";"Sano"
735;"Salsacia";30;"FT";"Abierto"
736;"Salsacia";38;"HG";"Abollado"
737;"Salsacia";33;"HG";"Abollado"
738;"Conservia";61;"FT";"Abollado"
739;"Salsacia";64;"HG";"Sano"
740;"Salsacia";23;"HG";"Abollado"
741;"Salsacia";16;"HG";"Abollado"
742;"Salsacia";29;"FT";"Abierto"
743;"Salsacia";18;"HG";"Sano"
744;"Salsacia";33;"FT";"Abollado"
745;"Conservia";68;"HG";"Sano"
746;"Salsacia";47;"HG";"Abollado"
747;"Conservia";56;"FT";"Abollado"
748;"Salsacia";68;"HG";"Abollado"
749;"Salsacia";62;"HG";"Abollado"
750;"Salsacia";40;"FT";"Abollado"
751;"Salsacia";13;"HG";"Abierto"
752;"Salsacia";32;"HG";"Abollado"
753;"Conservia";35;"HG";"Sano"
754;"Salsacia";64;"HG";"Abierto"
755;"Salsacia";28;"FT";"Abollado"
756;"Conservia";52;"FT";"Abollado"
757;"Salsacia";36;"HG";"Abierto"
758;"Conservia";32;"FT";"Abollado"
759;"Conservia";63;"FT";"Sano"
760;"Salsacia";35;"FT";"Abollado"
761;"Salsacia";37;"FT";"Abollado"
762;"Conservia";31;"HG";"Abollado"
763;"Conservia";55;"FT";"Abollado"
764;"Salsacia";41;"FT";"Sano"
765;"Salsacia";15;"FT";"Abollado"
766;"Salsacia";64;"HG";"Abierto"
767;"Salsacia";51;"FT";"Abollado"
768;"Conservia";48;"FT";"Abollado"
769;"Salsacia";60;"HG";"Sano"
770;"Salsacia";64;"FT";"Sano"
771;"Salsacia";68;"FT";"Sano"
772;"Conservia";35;"HG";"Sano"
773;"Conservia";62;"FT";"Sano"
774;"Salsacia";28;"HG";"Abollado"
775;"Conservia";59;"FT";"Abierto"
776;"Salsacia";59;"HG";"Sano"
777;"Salsacia";53;"HG";"Abollado"
778;"Salsacia";56;"HG";"Sano"
779;"Salsacia";61;"HG";"Abollado"
780;"Conservia";56;"HG";"Abollado"
781;"Salsacia";11;"FT";"Sano"
782;"Salsacia";69;"HG";"Abollado"
783;"Salsacia";33;"HG";"Sano"
784;"Salsacia";58;"HG";"Abollado"
785;"Conservia";57;"HG";"Sano"
786;"Salsacia";42;"HG";"Abollado"
787;"Salsacia";35;"FT";"Abollado"
788;"Salsacia";9;"FT";"Abollado"
789;"Conservia";15;"HG";"Abierto"
790;"Conservia";43;"HG";"Abollado"
791;"Salsacia";69;"HG";"Abierto"
792;"Salsacia";21;"FT";"Abollado"
793;"Salsacia";64;"HG";"Abollado"
794;"Conservia";67;"FT";"Abollado"
795;"Conservia";72;"HG";"Abollado"
796;"Salsacia";68;"HG";"Abollado"
797;"Salsacia";55;"HG";"Abollado"
798;"Salsacia";62;"HG";"Abollado"
799;"Salsacia";35;"HG";"Abollado"
800;"Conservia";73;"FT";"Sano"
801;"Conservia";48;"HG";"Abollado"
802;"Conservia";55;"FT";"Abollado"
803;"Salsacia";31;"HG";"Sano"
804;"Salsacia";40;"FT";"Abollado"
805;"Salsacia";34;"FT";"Abollado"
806;"Salsacia";48;"HG";"Sano"
807;"Salsacia";42;"HG";"Sano"
808;"Salsacia";31;"FT";"Abollado"
809;"Salsacia";31;"HG";"Abollado"
810;"Conservia";42;"FT";"Abierto"
811;"Conservia";60;"HG";"Sano"
812;"Salsacia";37;"HG";"Abollado"
813;"Conservia";32;"FT";"Sano"
814;"Salsacia";43;"HG";"Abollado"
815;"Conservia";20;"FT";"Sano"
816;"Salsacia";17;"HG";"Abollado"
817;"Conservia";20;"HG";"Sano"
818;"Salsacia";10;"FT";"Abierto"
819;"Conservia";33;"HG";"Abierto"
820;"Salsacia";55;"FT";"Sano"
821;"Salsacia";35;"FT";"Abollado"
822;"Salsacia";13;"FT";"Abollado"
823;"Conservia";73;"FT";"Sano"
824;"Salsacia";35;"HG";"Abollado"
825;"Conservia";21;"FT";"Abollado"
826;"Salsacia";57;"FT";"Abollado"
827;"Salsacia";9;"FT";"Abollado"
828;"Salsacia";22;"FT";"Abollado"
829;"Conservia";74;"HG";"Abollado"
830;"Salsacia";17;"HG";"Sano"
831;"Salsacia";24;"HG";"Sano"
832;"Salsacia";44;"FT";"Abollado"
833;"Conservia";26;"HG";"Abollado"
834;"Conservia";44;"FT";"Abierto"
835;"Salsacia";41;"HG";"Sano"
836;"Conservia";72;"HG";"Abollado"
837;"Salsacia";39;"HG";"Sano"
838;"Salsacia";26;"FT";"Abierto"
839;"Salsacia";37;"HG";"Sano"
840;"Salsacia";47;"FT";"Abierto"
841;"Salsacia";38;"FT";"Abierto"
842;"Conservia";29;"HG";"Sano"
843;"Salsacia";74;"HG";"Abollado"
844;"Conservia";14;"FT";"Sano"
845;"Salsacia";62;"FT";"Abollado"
846;"Salsacia";49;"FT";"Abollado"
847;"Salsacia";30;"FT";"Abollado"
848;"Salsacia";72;"FT";"Sano"
849;"Conservia";75;"HG";"Abollado"
850;"Salsacia";75;"HG";"Sano"
851;"Salsacia";13;"FT";"Sano"
852;"Conservia";44;"FT";"Abollado"
853;"Salsacia";20;"FT";"Abollado"
854;"Salsacia";55;"HG";"Abierto"
855;"Salsacia";27;"HG";"Sano"
856;"Salsacia";48;"HG";"Sano"
857;"Conservia";16;"HG";"Abollado"
858;"Salsacia";54;"HG";"Abollado"
859;"Salsacia";24;"HG";"Sano"
860;"Salsacia";48;"FT";"Abierto"
861;"Conservia";46;"HG";"Abollado"
862;"Salsacia";54;"FT";"Sano"
863;"Conservia";35;"HG";"Abollado"
864;"Salsacia";10;"FT";"Abierto"
865;"Conservia";39;"HG";"Abierto"
866;"Salsacia";59;"FT";"Sano"
867;"Conservia";42;"FT";"Abollado"
868;"Salsacia";70;"FT";"Abollado"
869;"Conservia";25;"FT";"Abollado"
870;"Salsacia";73;"HG";"Abierto"
871;"Conservia";60;"FT";"Abierto"
872;"Salsacia";30;"HG";"Abierto"
873;"Salsacia";53;"FT";"Sano"
874;"Salsacia";9;"HG";"Abierto"
875;"Salsacia";68;"FT";"Abollado"
876;"Salsacia";40;"FT";"Sano"
877;"Salsacia";61;"HG";"Abierto"
878;"Conservia";58;"HG";"Abierto"
879;"Salsacia";19;"HG";"Sano"
880;"Salsacia";54;"FT";"Abollado"
881;"Conservia";48;"HG";"Abollado"
882;"Salsacia";63;"HG";"Abollado"
883;"Conservia";21;"FT";"Sano"
884;"Salsacia";65;"FT";"Abollado"
885;"Conservia";61;"FT";"Sano"
886;"Salsacia";23;"HG";"Abierto"
887;"Salsacia";50;"FT";"Abollado"
888;"Conservia";47;"FT";"Abierto"
889;"Salsacia";61;"HG";"Abollado"
890;"Salsacia";27;"FT";"Sano"
891;"Conservia";63;"FT";"Abollado"
892;"Conservia";69;"FT";"Abollado"
893;"Conservia";13;"FT";"Sano"
894;"Conservia";52;"HG";"Sano"
895;"Salsacia";37;"HG";"Abollado"
896;"Conservia";13;"FT";"Abollado"
897;"Salsacia";56;"FT";"Sano"
898;"Salsacia";64;"FT";"Abollado"
899;"Conservia";22;"HG";"Abierto"
900;"Conservia";65;"HG";"Sano"
901;"Salsacia";36;"FT";"Sano"
902;"Salsacia";63;"FT";"Abollado"
903;"Conservia";20;"FT";"Abollado"
904;"Salsacia";13;"FT";"Abollado"
905;"Salsacia";19;"FT";"Abollado"
906;"Conservia";19;"HG";"Abollado"
907;"Salsacia";16;"HG";"Abollado"
908;"Salsacia";29;"FT";"Abollado"
909;"Salsacia";57;"HG";"Abollado"
910;"Salsacia";29;"FT";"Abierto"
911;"Conservia";49;"HG";"Sano"
912;"Salsacia";56;"HG";"Sano"
913;"Conservia";17;"FT";"Abollado"
914;"Conservia";43;"HG";"Abierto"
915;"Salsacia";29;"FT";"Abollado"
916;"Salsacia";23;"HG";"Abollado"
917;"Conservia";67;"FT";"Abollado"
918;"Salsacia";28;"HG";"Abollado"
919;"Salsacia";54;"FT";"Abollado"
920;"Salsacia";34;"HG";"Abollado"
921;"Conservia";68;"FT";"Abollado"
922;"Salsacia";62;"FT";"Abierto"
923;"Conservia";13;"HG";"Sano"
924;"Salsacia";61;"FT";"Abollado"
925;"Conservia";15;"HG";"Abierto"
926;"Salsacia";9;"FT";"Abollado"
927;"Salsacia";74;"FT";"Abollado"
928;"Conservia";57;"HG";"Abierto"
929;"Salsacia";31;"HG";"Abierto"
930;"Salsacia";49;"FT";"Sano"
931;"Salsacia";30;"FT";"Abollado"
932;"Conservia";63;"FT";"Abollado"
933;"Conservia";9;"HG";"Abollado"
934;"Salsacia";50;"FT";"Abollado"
935;"Conservia";30;"HG";"Abierto"
936;"Conservia";62;"HG";"Sano"
937;"Conservia";66;"HG";"Abollado"
938;"Conservia";55;"HG";"Abollado"
939;"Salsacia";20;"HG";"Abollado"
940;"Salsacia";60;"FT";"Abollado"
941;"Salsacia";55;"HG";"Abollado"
942;"Conservia";47;"HG";"Abollado"
943;"Salsacia";38;"HG";"Abollado"
944;"Conservia";17;"FT";"Sano"
945;"Salsacia";50;"FT";"Abierto"
946;"Conservia";19;"FT";"Abollado"
947;"Salsacia";26;"HG";"Abollado"
948;"Salsacia";65;"FT";"Abollado"
949;"Conservia";12;"FT";"Abollado"
950;"Salsacia";29;"FT";"Abollado"
951;"Conservia";71;"HG";"Abierto"
952;"Salsacia";39;"FT";"Abollado"
953;"Conservia";61;"FT";"Sano"
954;"Salsacia";35;"HG";"Abollado"
955;"Salsacia";50;"HG";"Abollado"
956;"Conservia";73;"FT";"Sano"
957;"Salsacia";34;"HG";"Abollado"
958;"Salsacia";32;"HG";"Abollado"
959;"Conservia";74;"FT";"Sano"
960;"Conservia";56;"HG";"Abollado"
961;"Conservia";26;"HG";"Sano"
962;"Salsacia";43;"HG";"Abollado"
963;"Conservia";59;"HG";"Sano"
964;"Salsacia";70;"FT";"Abollado"
965;"Salsacia";10;"FT";"Sano"
966;"Salsacia";66;"FT";"Abollado"
967;"Salsacia";46;"HG";"Sano"
968;"Salsacia";11;"FT";"Sano"
969;"Salsacia";24;"FT";"Abollado"
970;"Conservia";64;"FT";"Abollado"
971;"Salsacia";71;"FT";"Sano"
972;"Conservia";60;"HG";"Abollado"
973;"Conservia";57;"FT";"Abollado"
974;"Salsacia";72;"FT";"Abierto"
975;"Salsacia";31;"HG";"Abollado"
976;"Salsacia";58;"HG";"Sano"
977;"Salsacia";25;"FT";"Abierto"
978;"Salsacia";30;"FT";"Abollado"
979;"Salsacia";63;"HG";"Sano"
980;"Salsacia";72;"HG";"Sano"
981;"Salsacia";74;"HG";"Sano"
982;"Salsacia";20;"HG";"Abollado"
983;"Salsacia";13;"HG";"Abierto"
984;"Salsacia";41;"HG";"Abollado"
985;"Salsacia";59;"HG";"Sano"
986;"Salsacia";27;"FT";"Sano"
987;"Conservia";66;"FT";"Sano"
988;"Conservia";73;"HG";"Sano"
989;"Salsacia";47;"FT";"Abollado"
990;"Conservia";9;"FT";"Abollado"
991;"Salsacia";44;"HG";"Abollado"
992;"Conservia";35;"FT";"Abierto"
993;"Conservia";59;"HG";"Abollado"
994;"Conservia";9;"HG";"Abollado"
995;"Salsacia";48;"HG";"Sano"
996;"Salsacia";27;"FT";"Abollado"
997;"Salsacia";23;"HG";"Abollado"
998;"Salsacia";62;"HG";"Abollado"
999;"Salsacia";45;"HG";"Abollado"
1000;"Salsacia";70;"FT";"Abollado"
1001;"Salsacia";75;"FT";"Abollado"
1002;"Salsacia";26;"FT";"Sano"
1003;"Salsacia";37;"HG";"Abollado"
1004;"Salsacia";74;"FT";"Abollado"
1005;"Salsacia";52;"HG";"Sano"
1006;"Salsacia";14;"FT";"Sano"
1007;"Conservia";14;"FT";"Abollado"
1008;"Salsacia";60;"FT";"Abollado"
1009;"Salsacia";28;"FT";"Sano"
1010;"Salsacia";42;"FT";"Sano"
1011;"Salsacia";58;"FT";"Abollado"
1012;"Salsacia";60;"HG";"Abollado"
1013;"Salsacia";50;"HG";"Abollado"
1014;"Salsacia";67;"HG";"Abollado"
1015;"Salsacia";56;"HG";"Abollado"
1016;"Salsacia";19;"FT";"Sano"
1017;"Salsacia";64;"FT";"Sano"
1018;"Conservia";72;"HG";"Sano"
1019;"Conservia";30;"FT";"Abierto"
1020;"Salsacia";47;"FT";"Abierto"
1021;"Salsacia";60;"HG";"Abollado"
1022;"Conservia";71;"FT";"Abollado"
1023;"Salsacia";38;"HG";"Sano"
1024;"Salsacia";25;"HG";"Sano"
1025;"Salsacia";36;"FT";"Sano"
1026;"Conservia";21;"HG";"Abollado"
1027;"Salsacia";44;"HG";"Sano"
1028;"Conservia";31;"HG";"Abollado"
1029;"Conservia";25;"HG";"Abollado"
1030;"Salsacia";16;"FT";"Sano"
1031;"Conservia";32;"FT";"Abollado"
1032;"Salsacia";68;"FT";"Sano"
1033;"Salsacia";63;"FT";"Abollado"
1034;"Conservia";16;"HG";"Abollado"
1035;"Salsacia";20;"FT";"Abierto"
1036;"Salsacia";59;"HG";"Abollado"
1037;"Salsacia";9;"FT";"Abollado"
1038;"Conservia";58;"HG";"Abollado"
1039;"Salsacia";73;"HG";"Sano"
1040;"Salsacia";23;"HG";"Abollado"
1041;"Conservia";52;"HG";"Sano"
1042;"Conservia";28;"FT";"Abollado"
1043;"Conservia";36;"FT";"Sano"
1044;"Salsacia";23;"HG";"Sano"
1045;"Salsacia";34;"HG";"Abollado"
1046;"Conservia";28;"HG";"Abollado"
1047;"Conservia";29;"FT";"Abollado"
1048;"Salsacia";57;"HG";"Abollado"
1049;"Conservia";70;"HG";"Abollado"
1050;"Salsacia";13;"HG";"Abierto"
1051;"Conservia";60;"FT";"Abollado"
1052;"Salsacia";62;"FT";"Abierto"
1053;"Salsacia";24;"FT";"Abierto"
1054;"Conservia";67;"FT";"Abollado"
1055;"Conservia";28;"HG";"Abollado"
1056;"Conservia";17;"HG";"Abollado"
1057;"Conservia";42;"FT";"Sano"
1058;"Salsacia";12;"FT";"Abollado"
1059;"Salsacia";26;"HG";"Abierto"
1060;"Conservia";55;"FT";"Abollado"
1061;"Conservia";42;"FT";"Abollado"
1062;"Salsacia";46;"HG";"Sano"
1063;"Conservia";10;"FT";"Abollado"
1064;"Salsacia";46;"FT";"Abierto"
1065;"Salsacia";19;"HG";"Abollado"
1066;"Salsacia";50;"FT";"Sano"
1067;"Salsacia";67;"FT";"Abollado"
1068;"Salsacia";66;"HG";"Abollado"
1069;"Salsacia";49;"FT";"Abollado"
1070;"Conservia";45;"FT";"Sano"
1071;"Salsacia";27;"FT";"Abollado"
1072;"Conservia";9;"FT";"Sano"
1073;"Conservia";58;"HG";"Abollado"
1074;"Salsacia";69;"FT";"Sano"
1075;"Salsacia";21;"FT";"Abollado"
1076;"Salsacia";56;"HG";"Sano"
1077;"Conservia";24;"FT";"Abierto"
1078;"Salsacia";62;"FT";"Abollado"
1079;"Salsacia";56;"FT";"Sano"
1080;"Salsacia";74;"FT";"Abollado"
1081;"Salsacia";18;"HG";"Abollado"
1082;"Salsacia";19;"FT";"Abollado"
1083;"Conservia";17;"HG";"Sano"
1084;"Conservia";44;"HG";"Abollado"
1085;"Salsacia";59;"HG";"Abollado"
1086;"Salsacia";10;"FT";"Abollado"
1087;"Salsacia";52;"HG";"Abollado"
1088;"Salsacia";41;"FT";"Abollado"
1089;"Salsacia";32;"FT";"Abollado"
1090;"Salsacia";41;"HG";"Sano"
1091;"Conservia";17;"HG";"Sano"
1092;"Conservia";12;"HG";"Abollado"
1093;"Salsacia";35;"FT";"Abollado"
1094;"Conservia";58;"FT";"Abollado"
1095;"Salsacia";52;"FT";"Sano"
1096;"Salsacia";46;"FT";"Sano"
1097;"Salsacia";64;"HG";"Sano"
1098;"Conservia";25;"HG";"Sano"
1099;"Salsacia";60;"HG";"Sano"
1100;"Salsacia";74;"FT";"Abollado"
1101;"Conservia";43;"HG";"Abollado"
1102;"Salsacia";13;"HG";"Abollado"
1103;"Salsacia";52;"HG";"Abollado"
1104;"Conservia";57;"FT";"Sano"
1105;"Conservia";21;"FT";"Abollado"
1106;"Conservia";46;"FT";"Abollado"
1107;"Salsacia";32;"FT";"Abollado"
1108;"Salsacia";10;"HG";"Abollado"
1109;"Conservia";65;"HG";"Abollado"
1110;"Salsacia";38;"HG";"Abierto"
1111;"Salsacia";34;"FT";"Sano"
1112;"Conservia";67;"FT";"Sano"
1113;"Salsacia";58;"FT";"Abollado"
1114;"Salsacia";29;"HG";"Abierto"
1115;"Salsacia";20;"FT";"Abierto"
1116;"Conservia";40;"FT";"Abierto"
1117;"Conservia";10;"FT";"Abollado"
1118;"Conservia";72;"FT";"Abollado"
1119;"Conservia";66;"HG";"Abollado"
1120;"Conservia";29;"FT";"Sano"
1121;"Salsacia";58;"FT";"Sano"
1122;"Salsacia";43;"HG";"Sano"
1123;"Salsacia";54;"FT";"Abollado"
1124;"Conservia";59;"FT";"Sano"
1125;"Conservia";62;"FT";"Abollado"
1126;"Salsacia";52;"FT";"Abollado"
1127;"Conservia";43;"HG";"Abollado"
1128;"Conservia";35;"FT";"Sano"
1129;"Conservia";64;"HG";"Sano"
1130;"Conservia";22;"FT";"Abollado"
1131;"Salsacia";21;"FT";"Sano"
1132;"Conservia";21;"HG";"Abierto"
1133;"Salsacia";52;"FT";"Abollado"
1134;"Salsacia";58;"FT";"Abollado"
1135;"Salsacia";14;"FT";"Sano"
1136;"Conservia";21;"HG";"Abollado"
1137;"Salsacia";11;"FT";"Sano"
1138;"Conservia";63;"HG";"Abierto"
1139;"Salsacia";72;"HG";"Abollado"
1140;"Salsacia";34;"HG";"Abollado"
1141;"Salsacia";17;"HG";"Sano"
1142;"Salsacia";38;"HG";"Abollado"
1143;"Salsacia";68;"HG";"Abierto"
1144;"Conservia";45;"FT";"Sano"
1145;"Conservia";73;"FT";"Abollado"
1146;"Salsacia";65;"FT";"Abierto"
1147;"Conservia";70;"FT";"Sano"
1148;"Salsacia";17;"FT";"Abollado"
1149;"Conservia";58;"HG";"Sano"
1150;"Salsacia";66;"HG";"Abollado"
1151;"Salsacia";53;"HG";"Abollado"
1152;"Salsacia";18;"FT";"Abollado"
1153;"Salsacia";26;"HG";"Sano"
1154;"Conservia";53;"FT";"Sano"
1155;"Salsacia";40;"FT";"Abollado"
1156;"Salsacia";18;"HG";"Sano"
1157;"Conservia";18;"HG";"Abierto"
1158;"Salsacia";68;"FT";"Abollado"
1159;"Salsacia";14;"HG";"Sano"
1160;"Salsacia";35;"FT";"Abollado"
1161;"Conservia";11;"FT";"Sano"
1162;"Conservia";63;"FT";"Abollado"
1163;"Salsacia";14;"HG";"Abierto"
1164;"Salsacia";52;"HG";"Sano"
1165;"Salsacia";21;"FT";"Abollado"
1166;"Salsacia";27;"HG";"Sano"
1167;"Salsacia";40;"FT";"Abollado"
1168;"Salsacia";22;"HG";"Abierto"
1169;"Salsacia";67;"FT";"Abollado"
1170;"Salsacia";12;"FT";"Abollado"
1171;"Salsacia";18;"HG";"Abierto"
1172;"Salsacia";32;"FT";"Abollado"
1173;"Salsacia";57;"HG";"Abollado"
1174;"Salsacia";12;"HG";"Abollado"
1175;"Conservia";39;"FT";"Sano"
1176;"Salsacia";55;"FT";"Abollado"
1177;"Conservia";51;"HG";"Abollado"
1178;"Conservia";23;"HG";"Sano"
1179;"Conservia";30;"FT";"Abollado"
1180;"Conservia";24;"FT";"Abollado"
1181;"Salsacia";14;"FT";"Abollado"
1182;"Conservia";45;"HG";"Sano"
1183;"Salsacia";56;"FT";"Abollado"
1184;"Salsacia";25;"HG";"Abollado"
1185;"Conservia";37;"FT";"Abollado"
1186;"Conservia";71;"HG";"Abollado"
1187;"Conservia";57;"FT";"Abollado"
1188;"Conservia";19;"FT";"Abollado"
1189;"Conservia";41;"FT";"Abollado"
1190;"Conservia";65;"HG";"Abollado"
1191;"Conservia";26;"FT";"Abollado"
1192;"Salsacia";12;"FT";"Abollado"
1193;"Conservia";42;"FT";"Abollado"
1194;"Salsacia";33;"FT";"Abierto"
1195;"Conservia";28;"HG";"Abollado"
1196;"Conservia";11;"FT";"Sano"
1197;"Salsacia";58;"FT";"Sano"
1198;"Conservia";39;"HG";"Abierto"
1199;"Salsacia";33;"HG";"Sano"
1200;"Salsacia";18;"FT";"Abollado"
1201;"Salsacia";32;"FT";"Sano"
1202;"Salsacia";58;"HG";"Sano"
1203;"Conservia";72;"HG";"Abollado"
1204;"Salsacia";67;"FT";"Sano"
1205;"Salsacia";18;"FT";"Abollado"
1206;"Conservia";38;"FT";"Abollado"
1207;"Salsacia";28;"HG";"Sano"
1208;"Salsacia";16;"HG";"Sano"
1209;"Conservia";29;"FT";"Abollado"
1210;"Salsacia";42;"FT";"Sano"
1211;"Salsacia";9;"FT";"Abollado"
1212;"Salsacia";51;"FT";"Abollado"
1213;"Salsacia";20;"HG";"Abollado"
1214;"Salsacia";28;"HG";"Abierto"
1215;"Conservia";58;"FT";"Abollado"
1216;"Salsacia";14;"HG";"Sano"
1217;"Salsacia";52;"FT";"Sano"
1218;"Salsacia";9;"HG";"Abierto"
1219;"Salsacia";52;"HG";"Sano"
1220;"Salsacia";45;"FT";"Sano"
1221;"Conservia";71;"FT";"Sano"
1222;"Salsacia";30;"HG";"Abollado"
1223;"Salsacia";68;"HG";"Abollado"
1224;"Conservia";20;"HG";"Abollado"
1225;"Salsacia";21;"FT";"Abierto"
1226;"Salsacia";63;"FT";"Abollado"
1227;"Salsacia";72;"HG";"Sano"
1228;"Salsacia";36;"FT";"Abierto"
1229;"Conservia";42;"HG";"Abollado"
1230;"Conservia";36;"HG";"Abierto"
1231;"Conservia";18;"HG";"Abollado"
1232;"Salsacia";73;"HG";"Sano"
1233;"Salsacia";31;"HG";"Sano"
1234;"Salsacia";33;"HG";"Abollado"
1235;"Conservia";47;"HG";"Abollado"
1236;"Conservia";52;"FT";"Sano"
1237;"Salsacia";70;"FT";"Sano"
1238;"Salsacia";32;"HG";"Abollado"
1239;"Salsacia";74;"HG";"Abollado"
1240;"Salsacia";75;"HG";"Abollado"
1241;"Salsacia";73;"HG";"Sano"
1242;"Salsacia";29;"FT";"Sano"
1243;"Salsacia";69;"FT";"Abierto"
1244;"Conservia";55;"FT";"Sano"
1245;"Salsacia";13;"FT";"Abollado"
1246;"Salsacia";29;"FT";"Abollado"
1247;"Conservia";70;"FT";"Abollado"
1248;"Salsacia";33;"HG";"Sano"
1249;"Salsacia";13;"HG";"Abollado"
1250;"Salsacia";21;"HG";"Abierto"
1251;"Salsacia";67;"FT";"Abollado"
1252;"Salsacia";52;"FT";"Abollado"
1253;"Salsacia";19;"FT";"Abollado"
1254;"Salsacia";46;"FT";"Abollado"
1255;"Salsacia";26;"FT";"Abollado"
1256;"Salsacia";48;"HG";"Abierto"
1257;"Conservia";69;"HG";"Abollado"
1258;"Salsacia";16;"HG";"Sano"
1259;"Salsacia";12;"HG";"Abollado"
1260;"Salsacia";37;"HG";"Sano"
1261;"Salsacia";28;"FT";"Abollado"
1262;"Conservia";36;"FT";"Abollado"
1263;"Salsacia";53;"FT";"Abollado"
1264;"Conservia";75;"FT";"Abollado"
1265;"Salsacia";46;"HG";"Abollado"
1266;"Conservia";57;"FT";"Sano"
1267;"Salsacia";27;"HG";"Abollado"
1268;"Conservia";25;"HG";"Abollado"
1269;"Conservia";60;"HG";"Abollado"
1270;"Salsacia";16;"FT";"Abollado"
1271;"Conservia";65;"HG";"Sano"
1272;"Salsacia";15;"HG";"Abollado"
1273;"Salsacia";42;"HG";"Sano"
1274;"Salsacia";17;"HG";"Abollado"
1275;"Salsacia";24;"FT";"Abollado"
1276;"Conservia";73;"HG";"Abollado"
1277;"Salsacia";14;"HG";"Abollado"
1278;"Salsacia";12;"HG";"Abierto"
1279;"Salsacia";33;"HG";"Abollado"
1280;"Salsacia";27;"HG";"Abollado"
1281;"Conservia";54;"HG";"Abollado"
1282;"Salsacia";32;"HG";"Sano"
1283;"Salsacia";45;"FT";"Abollado"
1284;"Conservia";26;"HG";"Abollado"
1285;"Salsacia";72;"FT";"Abollado"
1286;"Salsacia";22;"FT";"Sano"
1287;"Salsacia";11;"FT";"Abollado"
1288;"Salsacia";74;"HG";"Sano"
1289;"Conservia";12;"FT";"Abollado"
1290;"Conservia";66;"HG";"Abierto"
1291;"Salsacia";54;"FT";"Sano"
1292;"Salsacia";33;"HG";"Sano"
1293;"Salsacia";70;"HG";"Abollado"
1294;"Conservia";15;"FT";"Abierto"
1295;"Salsacia";59;"FT";"Abollado"
1296;"Conservia";47;"FT";"Sano"
1297;"Conservia";53;"FT";"Abierto"
1298;"Salsacia";49;"HG";"Abollado"
1299;"Salsacia";63;"HG";"Abollado"
1300;"Salsacia";60;"HG";"Abollado"
1301;"Conservia";16;"FT";"Sano"
1302;"Conservia";28;"HG";"Abollado"
1303;"Conservia";58;"FT";"Abollado"
1304;"Salsacia";15;"FT";"Abollado"
1305;"Conservia";22;"HG";"Sano"
1306;"Salsacia";66;"FT";"Abollado"
1307;"Conservia";59;"HG";"Abollado"
1308;"Conservia";46;"FT";"Sano"
1309;"Salsacia";40;"FT";"Sano"
1310;"Salsacia";57;"FT";"Abierto"
1311;"Conservia";66;"HG";"Abollado"
1312;"Salsacia";12;"HG";"Abollado"
1313;"Salsacia";36;"HG";"Abollado"
1314;"Salsacia";70;"HG";"Abollado"
1315;"Salsacia";63;"HG";"Sano"
1316;"Conservia";64;"FT";"Abollado"
1317;"Salsacia";58;"HG";"Abollado"
1318;"Conservia";61;"HG";"Sano"
1319;"Conservia";45;"HG";"Abollado"
1320;"Conservia";26;"HG";"Sano"
1321;"Salsacia";49;"HG";"Abierto"
1322;"Salsacia";36;"FT";"Abierto"
1323;"Conservia";11;"FT";"Sano"
1324;"Conservia";13;"FT";"Abollado"
1325;"Salsacia";52;"HG";"Abollado"
1326;"Salsacia";12;"FT";"Abollado"
1327;"Salsacia";49;"HG";"Abollado"
1328;"Salsacia";30;"FT";"Sano"
1329;"Salsacia";16;"FT";"Sano"
1330;"Conservia";54;"FT";"Abollado"
1331;"Conservia";72;"HG";"Sano"
1332;"Salsacia";33;"HG";"Sano"
1333;"Conservia";62;"FT";"Abollado"
1334;"Salsacia";15;"HG";"Sano"
1335;"Salsacia";38;"HG";"Abollado"
1336;"Conservia";41;"FT";"Abierto"
1337;"Salsacia";19;"HG";"Abollado"
1338;"Salsacia";70;"HG";"Abollado"
1339;"Salsacia";59;"FT";"Abollado"
1340;"Salsacia";51;"FT";"Abollado"
1341;"Salsacia";73;"FT";"Abollado"
1342;"Salsacia";56;"FT";"Abollado"
1343;"Salsacia";40;"FT";"Sano"
1344;"Salsacia";64;"FT";"Sano"
1345;"Salsacia";44;"HG";"Abierto"
1346;"Salsacia";51;"HG";"Sano"
1347;"Salsacia";19;"HG";"Abollado"
1348;"Conservia";23;"HG";"Abollado"
1349;"Salsacia";30;"HG";"Sano"
1350;"Conservia";56;"HG";"Sano"
1351;"Conservia";30;"HG";"Abierto"
1352;"Salsacia";58;"HG";"Sano"
1353;"Conservia";59;"HG";"Abollado"
1354;"Conservia";15;"HG";"Abollado"
1355;"Conservia";45;"HG";"Abollado"
1356;"Salsacia";11;"FT";"Abollado"
1357;"Conservia";38;"HG";"Abollado"
1358;"Salsacia";47;"HG";"Sano"
1359;"Conservia";35;"HG";"Sano"
1360;"Salsacia";43;"FT";"Abollado"
1361;"Salsacia";60;"FT";"Sano"
1362;"Conservia";44;"HG";"Abierto"
1363;"Salsacia";25;"FT";"Abollado"
1364;"Conservia";26;"FT";"Abollado"
1365;"Salsacia";75;"FT";"Sano"
1366;"Conservia";13;"HG";"Abollado"
1367;"Conservia";73;"HG";"Sano"
1368;"Conservia";52;"FT";"Sano"
1369;"Salsacia";29;"FT";"Abollado"
1370;"Conservia";60;"HG";"Abollado"
1371;"Salsacia";63;"FT";"Sano"
1372;"Salsacia";62;"HG";"Abollado"
1373;"Salsacia";18;"FT";"Abollado"
1374;"Salsacia";34;"HG";"Abollado"
1375;"Salsacia";43;"HG";"Abollado"
1376;"Salsacia";33;"FT";"Abollado"
1377;"Salsacia";40;"FT";"Abollado"
1378;"Salsacia";31;"FT";"Abollado"
1379;"Salsacia";16;"FT";"Abollado"
1380;"Salsacia";39;"FT";"Abollado"
1381;"Salsacia";46;"HG";"Abollado"
1382;"Salsacia";52;"HG";"Abollado"
1383;"Salsacia";58;"FT";"Abollado"
1384;"Conservia";29;"HG";"Abollado"
1385;"Salsacia";49;"FT";"Sano"
1386;"Conservia";68;"FT";"Abollado"
1387;"Salsacia";24;"HG";"Abollado"
1388;"Salsacia";20;"FT";"Sano"
1389;"Salsacia";71;"HG";"Abollado"
1390;"Conservia";29;"FT";"Sano"
1391;"Salsacia";20;"FT";"Sano"
1392;"Conservia";25;"FT";"Abierto"
1393;"Salsacia";63;"FT";"Abollado"
1394;"Salsacia";73;"HG";"Abollado"
1395;"Salsacia";72;"HG";"Abollado"
1396;"Conservia";31;"FT";"Sano"
1397;"Salsacia";21;"HG";"Abollado"
1398;"Salsacia";47;"FT";"Abollado"
1399;"Conservia";69;"FT";"Abollado"
1400;"Conservia";67;"HG";"Abollado"
1401;"Conservia";46;"HG";"Sano"
1402;"Salsacia";62;"FT";"Abollado"
1403;"Salsacia";32;"HG";"Abollado"
1404;"Conservia";74;"FT";"Sano"
1405;"Salsacia";20;"FT";"Sano"
1406;"Conservia";67;"HG";"Abollado"
1407;"Conservia";59;"HG";"Abollado"
1408;"Salsacia";68;"FT";"Abollado"
1409;"Salsacia";68;"FT";"Abollado"
1410;"Conservia";15;"HG";"Abollado"
1411;"Salsacia";14;"HG";"Abierto"
1412;"Salsacia";49;"FT";"Abollado"
1413;"Salsacia";46;"HG";"Abollado"
1414;"Salsacia";71;"HG";"Abollado"
1415;"Salsacia";39;"FT";"Abollado"
1416;"Conservia";36;"HG";"Abierto"
1417;"Salsacia";49;"FT";"Sano"
1418;"Salsacia";27;"FT";"Abollado"
1419;"Conservia";34;"FT";"Abollado"
1420;"Salsacia";18;"FT";"Sano"
1421;"Conservia";59;"HG";"Abollado"
1422;"Salsacia";27;"FT";"Abollado"
1423;"Conservia";13;"FT";"Abollado"
1424;"Salsacia";16;"FT";"Abollado"
1425;"Salsacia";48;"HG";"Abierto"
1426;"Conservia";15;"HG";"Abollado"
1427;"Salsacia";43;"HG";"Sano"
1428;"Salsacia";48;"HG";"Sano"
1429;"Conservia";56;"HG";"Abollado"
1430;"Salsacia";12;"FT";"Sano"
1431;"Conservia";63;"FT";"Sano"
1432;"Salsacia";14;"FT";"Abollado"
1433;"Salsacia";39;"HG";"Abollado"
1434;"Conservia";34;"HG";"Abollado"
1435;"Conservia";28;"HG";"Abollado"
1436;"Conservia";50;"FT";"Abierto"
1437;"Conservia";55;"FT";"Abierto"
1438;"Conservia";63;"HG";"Sano"
1439;"Salsacia";75;"FT";"Abollado"
1440;"Salsacia";24;"FT";"Sano"
1441;"Salsacia";61;"HG";"Abollado"
1442;"Salsacia";56;"FT";"Abollado"
1443;"Salsacia";73;"HG";"Abollado"
1444;"Salsacia";54;"FT";"Sano"
1445;"Conservia";43;"FT";"Sano"
1446;"Salsacia";70;"FT";"Abollado"
1447;"Salsacia";20;"HG";"Abollado"
1448;"Conservia";47;"FT";"Sano"
1449;"Conservia";13;"FT";"Sano"
1450;"Salsacia";30;"HG";"Abollado"
1451;"Salsacia";18;"FT";"Abollado"
1452;"Salsacia";61;"FT";"Abollado"
1453;"Salsacia";12;"HG";"Abollado"
1454;"Conservia";17;"FT";"Abierto"
1455;"Salsacia";17;"FT";"Sano"
1456;"Salsacia";35;"FT";"Abierto"
1457;"Salsacia";22;"FT";"Abollado"
1458;"Salsacia";19;"FT";"Abollado"
1459;"Salsacia";44;"FT";"Abollado"
1460;"Salsacia";59;"FT";"Abierto"
1461;"Salsacia";43;"FT";"Abollado"
1462;"Conservia";20;"HG";"Abollado"
1463;"Conservia";14;"FT";"Abollado"
1464;"Conservia";14;"HG";"Abollado"
1465;"Salsacia";72;"FT";"Sano"
1466;"Salsacia";13;"FT";"Abollado"
1467;"Salsacia";60;"HG";"Abollado"
1468;"Salsacia";71;"HG";"Abollado"
1469;"Salsacia";40;"FT";"Abollado"
1470;"Salsacia";68;"FT";"Sano"
1471;"Salsacia";65;"FT";"Sano"
1472;"Salsacia";61;"HG";"Abollado"
1473;"Salsacia";43;"FT";"Sano"
1474;"Salsacia";25;"HG";"Abollado"
1475;"Conservia";75;"FT";"Abollado"
1476;"Salsacia";72;"HG";"Abollado"
1477;"Conservia";34;"FT";"Abollado"
1478;"Salsacia";10;"HG";"Sano"
1479;"Salsacia";62;"FT";"Abierto"
1480;"Salsacia";51;"FT";"Abollado"
1481;"Conservia";70;"FT";"Sano"
1482;"Conservia";32;"FT";"Abollado"
1483;"Salsacia";10;"HG";"Abierto"
1484;"Salsacia";45;"FT";"Abollado"
1485;"Conservia";14;"HG";"Abollado"
1486;"Salsacia";65;"HG";"Abollado"
1487;"Salsacia";70;"HG";"Abollado"
1488;"Salsacia";25;"HG";"Abollado"
1489;"Salsacia";39;"FT";"Abierto"
1490;"Conservia";68;"FT";"Sano"
1491;"Conservia";41;"FT";"Abollado"
1492;"Salsacia";36;"FT";"Abierto"
1493;"Salsacia";47;"HG";"Abollado"
1494;"Conservia";25;"HG";"Abollado"
1495;"Salsacia";31;"FT";"Abollado"
1496;"Salsacia";69;"HG";"Abollado"
1497;"Salsacia";38;"HG";"Abollado"
1498;"Salsacia";64;"HG";"Abollado"
1499;"Salsacia";69;"HG";"Sano"
1500;"Salsacia";75;"FT";"Abollado"
